Year,Julian Day,Rainfall,Runoff (Q),Potential Evapotranspiration (E0),Crop Transpiration (Etrans),Maximum Sublimation (Esoil),SoilWater/L1,SoilWater/L2,SoilWater/L3,Esoil/L1,Esoil/L2,Esoil/L3,Perc/L1,Perc/L2,Perc/L3,Temp/L1,Temp/L2,Temp/L3,Surface Temp,Sediment Yield
,,mm,mm,mm d^-1,mm H2O,mm H2O,mm,mm,mm,mm H2O,mm H2O,mm H2O,mm H2O,mm H2O,mm H2O,C,C,C,C,metric tons
1,274,1.02,0.0,1.34,0.0,1.34,8.527,0.0,45.0,1.308,0.0,11.281,255.0,0.032,0.0,9.545,300.0,0.0,0.0,7.832
1,275,0.0,0.0,1.575,0.0,1.575,10.596,0.0,44.708,1.5,0.0,11.087,254.968,0.038,0.0,9.387,300.0,0.0,0.0,7.756
1,276,0.0,0.0,1.51,0.0,1.51,14.581,0.0,43.208,1.269,0.0,11.668,254.93,0.036,0.0,9.656,300.0,0.0,0.0,7.807
1,277,25.65,2.24,1.355,0.0,1.355,12.774,0.15,41.939,1.025,0.0,11.799,254.894,0.032,0.0,9.693,300.0,0.0,0.0,7.797
1,278,0.0,0.0,1.173,0.0,1.173,7.323,0.0,64.328,1.145,18.974,10.898,254.862,0.028,0.0,9.18,300.0,0.0,0.0,7.636
1,279,0.0,0.0,0.985,0.0,0.985,6.568,0.0,44.209,0.9,0.0,10.038,273.807,0.024,8.115,8.695,300.0,0.0,0.0,7.486
1,280,0.0,0.0,1.109,0.0,1.109,7.939,0.0,43.309,0.94,0.0,9.602,265.669,0.027,4.603,8.443,308.115,0.0,3.093,7.404
1,281,0.0,0.0,1.168,0.0,1.168,10.205,0.0,42.369,0.916,0.0,9.672,261.039,0.028,2.606,8.464,309.624,0.0,3.669,7.401
1,282,0.0,0.0,1.23,0.0,1.23,11.436,0.0,41.453,0.893,0.0,9.955,258.405,0.029,1.469,8.604,308.561,0.0,3.264,7.433
1,283,0.0,0.0,0.681,0.0,0.681,3.406,0.0,40.56,0.459,0.0,8.7,256.906,0.016,0.823,7.921,306.767,0.0,2.58,7.236
1,284,2.79,0.0,0.703,0.0,0.703,3.473,0.0,40.101,0.456,0.0,7.708,256.068,0.017,0.461,7.381,305.01,0.0,1.91,7.08
1,285,5.33,0.0,0.585,0.0,0.585,-0.209,0.0,42.439,0.461,0.0,6.236,255.59,0.014,0.255,6.584,303.561,0.0,1.357,6.853
1,286,0.0,0.0,0.388,0.0,0.388,-2.107,0.0,47.312,0.379,2.269,4.708,255.321,0.009,0.139,5.76,302.458,0.0,0.937,6.62
1,287,0.71,0.0,0.443,0.0,0.443,0.211,0.0,44.664,0.42,0.0,3.913,257.443,0.011,1.054,5.329,301.66,0.0,0.633,6.497
1,288,0.2,0.0,0.629,0.0,0.629,0.418,0.0,44.949,0.611,0.0,3.315,256.378,0.015,0.595,5.005,302.081,0.0,0.793,6.404
1,289,0.0,0.0,0.922,0.0,0.922,3.318,0.0,44.539,0.866,0.0,3.372,255.768,0.022,0.332,5.033,301.882,0.0,0.718,6.41
1,290,22.35,1.37,0.325,0.0,0.325,6.311,0.087,43.673,0.284,0.0,3.969,255.415,0.008,0.179,5.352,301.496,0.0,0.57,6.499
1,291,0.25,0.0,0.651,0.0,0.651,5.023,0.0,64.366,0.635,19.012,4.21,255.228,0.016,0.098,5.482,301.105,0.0,0.421,6.535
1,292,3.99,0.0,0.271,0.0,0.271,1.955,0.0,44.973,0.264,0.0,3.837,274.126,0.006,8.252,5.283,300.782,0.0,0.298,6.48
1,293,0.0,0.0,0.348,0.0,0.348,0.566,0.0,48.701,0.34,3.633,3.283,265.867,0.008,4.689,4.989,308.736,0.0,3.33,6.399
1,294,0.0,0.0,0.42,0.0,0.42,2.053,0.0,44.728,0.401,0.0,3.114,264.803,0.01,4.23,4.899,310.095,0.0,3.848,6.374
1,295,0.0,0.0,0.469,0.0,0.469,0.186,0.0,44.327,0.433,0.0,2.634,260.563,0.011,2.4,4.642,310.476,0.0,3.994,6.303
1,296,0.0,0.0,0.325,0.0,0.325,0.177,0.0,43.895,0.289,0.0,2.248,258.152,0.008,1.36,4.434,308.883,0.0,3.386,6.244
1,297,0.51,0.0,0.4,0.0,0.4,-0.367,0.0,43.605,0.348,0.0,1.838,256.784,0.01,0.77,4.213,306.856,0.0,2.614,6.181
1,298,0.36,0.0,0.505,0.0,0.505,0.379,0.0,43.766,0.445,0.0,1.648,256.005,0.012,0.433,4.109,305.012,0.0,1.911,6.151
1,299,0.0,0.0,0.593,0.0,0.593,2.077,0.0,43.684,0.519,0.0,1.81,255.559,0.014,0.241,4.193,303.535,0.0,1.348,6.173
1,300,0.0,0.0,0.441,0.0,0.441,1.464,0.0,43.165,0.369,0.0,1.825,255.304,0.011,0.131,4.199,302.429,0.0,0.926,6.174
1,301,0.0,0.0,0.719,0.0,0.719,3.119,0.0,42.796,0.584,0.0,2.143,255.162,0.017,0.07,4.368,301.634,0.0,0.623,6.22
1,302,0.0,0.0,0.576,0.0,0.576,2.067,0.0,42.212,0.446,0.0,2.203,255.075,0.014,0.032,4.399,301.081,0.0,0.412,6.228
1,303,0.0,0.0,0.6,0.0,0.6,2.431,0.0,41.766,0.447,0.0,2.319,255.029,0.014,0.012,4.459,300.701,0.0,0.267,6.244
1,304,0.0,0.0,0.752,0.0,0.752,4.417,0.0,41.319,0.54,0.0,2.777,255.002,0.018,0.001,4.705,300.446,0.0,0.17,6.313
1,305,0.0,0.0,0.301,0.0,0.301,-0.601,0.0,40.779,0.207,0.0,2.218,254.983,0.007,0.0,4.402,300.277,0.0,0.106,6.227
1,306,0.0,0.0,0.322,0.0,0.322,-1.102,0.0,40.572,0.217,0.0,1.678,254.976,0.008,0.0,4.11,300.171,0.0,0.065,6.144
1,307,0.0,0.0,0.276,0.0,0.276,-2.267,0.0,40.355,0.183,0.0,1.031,254.968,0.007,0.0,3.761,300.106,0.0,0.04,6.044
1,308,0.0,0.0,0.308,0.0,0.308,-1.102,0.0,40.172,0.201,0.0,0.729,254.962,0.007,0.0,3.597,300.066,0.0,0.025,5.998
1,309,0.0,0.0,0.35,0.0,0.35,0.888,0.0,39.971,0.225,0.0,0.854,254.954,0.008,0.0,3.664,300.041,0.0,0.015,6.016
1,310,0.0,0.0,0.571,0.0,0.571,3.348,0.0,39.746,0.36,0.0,1.408,254.946,0.014,0.0,3.962,300.025,0.0,0.01,6.1
1,311,0.0,0.0,0.492,0.0,0.492,3.679,0.0,39.387,0.301,0.0,1.913,254.932,0.012,0.0,4.233,300.016,0.0,0.006,6.176
1,312,0.51,0.0,0.366,0.0,0.366,5.215,0.0,39.086,0.218,0.0,2.6,254.92,0.009,0.0,4.603,300.01,0.0,0.004,6.281
1,313,0.0,0.0,0.695,0.0,0.695,7.389,0.0,39.376,0.425,0.0,3.551,254.912,0.017,0.0,5.115,300.006,0.0,0.002,6.425
1,314,0.18,0.0,0.479,0.0,0.479,3.697,0.0,38.951,0.282,0.0,3.63,254.895,0.011,0.0,5.157,300.004,0.0,0.001,6.437
1,315,0.0,0.0,0.172,0.0,0.172,-0.325,0.0,38.85,0.101,0.0,2.951,254.883,0.004,0.0,4.791,300.002,0.0,0.001,6.333
1,316,0.0,0.0,0.236,0.0,0.236,-1.269,0.0,38.75,0.137,0.0,2.234,254.879,0.006,0.0,4.404,300.001,0.0,0.001,6.224
1,317,0.0,0.0,0.272,0.0,0.272,-0.349,0.0,38.613,0.156,0.0,1.83,254.874,0.007,0.0,4.186,300.001,0.0,0.0,6.162
1,318,1.41,0.0,0.114,0.0,0.114,0.204,0.0,38.457,0.064,0.0,1.609,254.867,0.003,0.0,4.066,300.001,0.0,0.0,6.128
1,319,0.0,0.0,0.167,0.0,0.167,0.035,0.0,39.803,0.106,0.0,1.4,254.864,0.004,0.0,3.954,300.0,0.0,0.0,6.096
1,320,4.23,0.66,0.311,0.0,0.311,0.782,0.038,39.698,0.195,0.0,1.372,254.86,0.007,0.0,3.939,300.0,0.0,0.0,6.092
1,321,0.0,0.0,0.229,0.0,0.229,0.003,0.0,43.078,0.19,0.0,1.205,254.853,0.005,0.0,3.85,300.0,0.0,0.0,6.067
1,322,0.0,0.0,0.288,0.0,0.288,-0.258,0.0,42.887,0.236,0.0,1.024,254.848,0.007,0.0,3.753,300.0,0.0,0.0,6.04
1,323,0.0,0.0,0.217,0.0,0.217,-0.297,0.0,42.651,0.174,0.0,0.872,254.841,0.005,0.0,3.672,300.0,0.0,0.0,6.018
1,324,0.0,0.0,0.25,0.0,0.25,-0.17,0.0,42.477,0.198,0.0,0.773,254.835,0.006,0.0,3.619,300.0,0.0,0.0,6.003
1,325,2.12,0.03,0.316,0.0,0.316,0.35,0.001,42.28,0.246,0.0,0.791,254.829,0.008,0.0,3.629,300.0,0.0,0.0,6.006
1,326,3.31,0.32,0.428,0.0,0.428,1.993,0.017,44.116,0.388,0.0,1.108,254.822,0.01,0.0,3.8,300.0,0.0,0.0,6.054
1,327,0.0,0.0,0.342,0.0,0.342,1.907,0.0,46.716,0.334,1.685,1.346,254.812,0.008,0.0,3.929,300.0,0.0,0.0,6.091
1,328,0.0,0.0,0.448,0.0,0.448,2.676,0.0,44.698,0.426,0.0,1.678,256.488,0.011,0.642,4.108,300.0,0.0,0.0,6.142
1,329,0.0,0.0,0.429,0.0,0.429,3.215,0.0,44.271,0.394,0.0,2.043,255.835,0.01,0.36,4.305,300.642,0.0,0.245,6.198
1,330,0.0,0.0,0.334,0.0,0.334,2.879,0.0,43.877,0.297,0.0,2.273,255.465,0.008,0.2,4.429,300.758,0.0,0.289,6.233
1,331,10.16,0.0,0.17,0.0,0.17,2.888,0.0,43.58,0.147,0.0,2.459,255.256,0.004,0.111,4.529,300.669,0.0,0.255,6.261
1,332,5.33,0.0,0.184,0.0,0.184,2.096,0.0,53.593,0.18,8.436,2.462,255.142,0.004,0.061,4.533,300.525,0.0,0.2,6.263
1,333,6.6,0.0,0.394,0.0,0.394,3.435,0.0,50.312,0.385,5.215,2.711,263.512,0.009,3.673,4.669,300.386,0.0,0.147,6.303
1,334,0.0,0.0,0.232,0.0,0.232,-1.528,0.0,51.317,0.226,6.201,1.996,265.044,0.006,4.334,4.291,303.911,0.0,1.491,6.2
1,335,0.0,0.0,0.094,0.0,0.094,-4.433,0.0,44.889,0.091,0.0,0.889,266.906,0.002,5.137,3.703,306.754,0.0,2.575,6.038
1,336,0.0,0.0,0.174,0.0,0.174,-3.329,0.0,44.798,0.167,0.0,0.206,261.767,0.004,2.92,3.339,309.316,0.0,3.552,5.937
1,337,0.51,0.0,0.098,0.0,0.098,-4.55,0.0,44.631,0.093,0.0,-0.566,258.843,0.002,1.658,2.926,308.684,0.0,3.311,5.822
1,338,0.0,0.0,0.079,0.0,0.079,-5.192,0.0,45.047,0.077,0.046,-1.302,257.182,0.002,0.942,2.53,307.032,0.0,2.681,5.711
1,339,0.0,0.0,0.078,0.0,0.078,-6.445,0.0,44.924,0.076,0.0,-2.123,256.285,0.002,0.554,2.088,305.293,0.0,2.018,5.586
1,340,0.0,0.0,0.168,0.0,0.168,-4.857,0.0,44.848,0.162,0.0,-2.486,255.728,0.004,0.314,1.891,303.829,0.0,1.46,5.529
1,341,0.0,0.0,0.108,0.0,0.108,-5.713,0.0,44.686,0.103,0.0,-2.935,255.41,0.003,0.177,1.647,302.684,0.0,1.023,5.459
1,342,0.0,0.0,0.044,0.0,0.044,-6.977,0.0,44.584,0.041,0.0,-3.528,255.231,0.001,0.099,1.326,301.838,0.0,0.701,5.368
1,343,0.0,0.0,0.144,0.0,0.144,-4.603,0.0,44.542,0.135,0.0,-3.564,255.13,0.003,0.056,1.304,301.237,0.0,0.471,5.361
1,344,0.0,0.0,0.255,0.0,0.255,-1.259,0.0,44.407,0.237,0.0,-2.976,255.07,0.006,0.03,1.618,300.821,0.0,0.313,5.448
1,345,1.41,0.0,0.31,0.0,0.31,0.021,0.0,44.17,0.282,0.0,-2.269,255.034,0.007,0.015,1.996,300.539,0.0,0.205,5.553
1,346,5.29,1.22,0.221,0.0,0.221,-0.459,0.076,45.299,0.216,0.293,-1.793,255.012,0.005,0.005,2.251,300.348,0.0,0.133,5.624
1,347,9.22,3.86,0.264,0.0,0.264,0.869,0.277,48.867,0.258,3.796,-1.166,255.295,0.006,0.127,2.588,300.22,0.0,0.084,5.719
1,348,0.25,0.0,0.185,0.0,0.185,0.267,0.0,50.178,0.181,5.083,-0.775,258.957,0.004,1.708,2.799,300.264,0.0,0.1,5.779
1,349,0.0,0.0,0.282,0.0,0.282,1.781,0.0,45.168,0.275,0.165,-0.184,262.329,0.007,3.162,3.118,301.871,0.0,0.713,5.869
1,350,0.0,0.0,0.145,0.0,0.145,-0.169,0.0,44.728,0.138,0.0,-0.07,259.325,0.003,1.866,3.18,304.32,0.0,1.647,5.887
1,351,0.0,0.0,0.22,0.0,0.22,0.327,0.0,44.589,0.208,0.0,0.112,257.455,0.005,1.059,3.278,304.539,0.0,1.73,5.914
1,352,0.0,0.0,0.193,0.0,0.193,-1.12,0.0,44.382,0.179,0.0,-0.009,256.391,0.005,0.6,3.212,303.868,0.0,1.475,5.896
1,353,0.0,0.0,0.189,0.0,0.189,-1.833,0.0,44.203,0.173,0.0,-0.238,255.786,0.005,0.339,3.089,302.993,0.0,1.141,5.861
1,354,0.0,0.0,0.293,0.0,0.293,-1.044,0.0,44.03,0.264,0.0,-0.275,255.442,0.007,0.191,3.067,302.191,0.0,0.835,5.854
1,355,1.27,0.0,0.197,0.0,0.197,0.068,0.0,43.767,0.173,0.0,-0.1,255.244,0.005,0.105,3.16,301.547,0.0,0.59,5.88
1,356,12.19,6.16,0.086,0.0,0.086,0.012,0.467,44.863,0.083,0.0,0.03,255.134,0.002,0.058,3.229,301.063,0.0,0.405,5.899
1,357,22.8,15.7,0.104,0.0,0.104,0.119,1.328,50.815,0.102,5.709,0.154,255.074,0.002,0.032,3.297,300.715,0.0,0.273,5.918
1,358,0.0,0.0,0.191,0.0,0.191,-1.627,0.0,52.108,0.186,6.978,-0.069,260.748,0.005,2.48,3.181,300.475,0.0,0.181,5.887
1,359,0.0,0.0,0.28,0.0,0.28,-1.263,0.0,44.944,0.272,0.0,-0.18,265.242,0.007,4.419,3.124,302.774,0.0,1.058,5.872
1,360,0.0,0.0,0.114,0.0,0.114,-2.11,0.0,44.672,0.108,0.0,-0.424,260.816,0.003,2.509,2.994,306.136,0.0,2.339,5.837
1,361,0.0,0.0,0.122,0.0,0.122,-2.384,0.0,44.564,0.115,0.0,-0.671,258.304,0.003,1.425,2.862,306.306,0.0,2.404,5.8
1,362,0.0,0.0,0.168,0.0,0.168,-0.972,0.0,44.449,0.157,0.0,-0.608,256.875,0.004,0.809,2.895,305.328,0.0,2.031,5.809
1,363,0.0,0.0,0.12,0.0,0.12,-0.405,0.0,44.292,0.11,0.0,-0.454,256.062,0.003,0.458,2.977,304.106,0.0,1.565,5.832
1,364,1.26,0.0,0.081,0.0,0.081,-0.304,0.0,44.182,0.074,0.0,-0.311,255.601,0.002,0.259,3.052,302.999,0.0,1.143,5.852
1,365,4.15,0.66,0.12,0.0,0.12,0.31,0.038,45.363,0.117,0.357,-0.084,255.34,0.003,0.147,3.173,302.115,0.0,0.806,5.885
2,1,15.18,8.77,0.164,0.0,0.164,0.171,0.693,48.377,0.16,3.316,0.072,255.547,0.004,0.236,3.256,301.455,0.0,0.555,5.908
2,2,0.0,0.0,0.203,0.0,0.203,-1.027,0.0,51.314,0.198,6.199,-0.023,258.623,0.005,1.563,3.207,301.136,0.0,0.433,5.895
2,3,0.0,0.0,0.278,0.0,0.278,-0.662,0.0,44.918,0.269,0.0,-0.033,263.253,0.007,3.561,3.203,302.266,0.0,0.864,5.895
2,4,6.35,1.91,0.337,0.0,0.337,1.017,0.126,44.648,0.319,0.0,0.27,259.686,0.008,2.022,3.365,304.963,0.0,1.892,5.94
2,5,0.62,0.0,0.248,0.0,0.248,1.937,0.0,48.772,0.242,3.703,0.681,257.656,0.006,1.146,3.587,305.093,0.0,1.942,6.003
2,6,0.0,0.0,0.242,0.0,0.242,1.217,0.0,45.45,0.236,0.442,0.878,260.207,0.006,2.247,3.692,304.297,0.0,1.638,6.032
2,7,0.0,0.0,0.191,0.0,0.191,-0.561,0.0,44.772,0.183,0.0,0.707,258.397,0.005,1.465,3.6,304.906,0.0,1.87,6.007
2,8,0.0,0.0,0.276,0.0,0.276,-1.525,0.0,44.589,0.26,0.0,0.392,256.926,0.007,0.831,3.431,304.501,0.0,1.716,5.959
2,9,0.0,0.0,0.23,0.0,0.23,-2.459,0.0,44.329,0.212,0.0,-0.033,256.089,0.006,0.47,3.202,303.616,0.0,1.379,5.894
2,10,0.0,0.0,0.14,0.0,0.14,-4.697,0.0,44.117,0.127,0.0,-0.785,255.613,0.003,0.265,2.796,302.707,0.0,1.032,5.779
2,11,0.0,0.0,0.242,0.0,0.242,-3.079,0.0,43.99,0.217,0.0,-1.088,255.345,0.006,0.149,2.632,301.94,0.0,0.74,5.732
2,12,0.36,0.0,0.304,0.0,0.304,-0.156,0.0,43.772,0.268,0.0,-0.792,255.191,0.007,0.082,2.789,301.349,0.0,0.514,5.776
2,13,0.0,0.0,0.166,0.0,0.166,-4.095,0.0,43.867,0.147,0.0,-1.282,255.101,0.004,0.044,2.525,300.917,0.0,0.35,5.701
2,14,0.0,0.0,0.102,0.0,0.102,-5.414,0.0,43.72,0.089,0.0,-1.917,255.053,0.002,0.023,2.182,300.611,0.0,0.233,5.603
2,15,0.0,0.0,0.136,0.0,0.136,-4.938,0.0,43.631,0.118,0.0,-2.337,255.028,0.003,0.012,1.954,300.401,0.0,0.153,5.539
2,16,0.0,0.0,0.095,0.0,0.095,-6.945,0.0,43.512,0.082,0.0,-3.044,255.013,0.002,0.005,1.573,300.26,0.0,0.099,5.431
2,17,0.0,0.0,0.052,0.0,0.052,-8.291,0.0,43.43,0.045,0.0,-3.858,255.005,0.001,0.002,1.134,300.167,0.0,0.063,5.307
2,18,0.0,0.0,0.114,0.0,0.114,-7.64,0.0,43.386,0.097,0.0,-4.388,255.002,0.003,0.001,0.848,300.105,0.0,0.04,5.226
2,19,0.0,0.0,0.138,0.0,0.138,-4.887,0.0,43.288,0.117,0.0,-4.305,254.998,0.003,0.0,0.892,300.066,0.0,0.025,5.238
2,20,0.0,0.0,0.071,0.0,0.071,-7.851,0.0,43.172,0.06,0.0,-4.785,254.995,0.002,0.0,0.633,300.041,0.0,0.016,5.164
2,21,0.0,0.0,0.102,0.0,0.102,-6.629,0.0,43.112,0.085,0.0,-4.944,254.993,0.002,0.0,0.547,300.025,0.0,0.01,5.14
2,22,0.0,0.0,0.119,0.0,0.119,-5.369,0.0,43.027,0.099,0.0,-4.839,254.991,0.003,0.0,0.603,300.016,0.0,0.006,5.155
2,23,0.0,0.0,0.156,0.0,0.156,-4.817,0.0,42.929,0.128,0.0,-4.653,254.988,0.004,0.0,0.703,300.01,0.0,0.004,5.183
2,24,0.0,0.0,0.177,0.0,0.177,-4.888,0.0,42.8,0.144,0.0,-4.517,254.984,0.004,0.0,0.776,300.006,0.0,0.002,5.204
2,25,0.0,0.0,0.159,0.0,0.159,-5.49,0.0,42.657,0.128,0.0,-4.519,254.98,0.004,0.0,0.774,300.004,0.0,0.001,5.203
2,26,0.0,0.0,0.156,0.0,0.156,-5.696,0.0,42.529,0.124,0.0,-4.559,254.976,0.004,0.0,0.752,300.002,0.0,0.001,5.197
2,27,0.0,0.0,0.379,0.0,0.379,-1.54,0.0,42.405,0.298,0.0,-3.824,254.972,0.009,0.0,1.147,300.001,0.0,0.001,5.308
2,28,0.0,0.0,0.185,0.0,0.185,-5.133,0.0,42.107,0.142,0.0,-3.899,254.963,0.004,0.0,1.106,300.001,0.0,0.0,5.296
2,29,0.0,0.0,0.097,0.0,0.097,-7.443,0.0,41.965,0.074,0.0,-4.386,254.959,0.002,0.0,0.844,300.001,0.0,0.0,5.222
2,30,0.0,0.0,0.125,0.0,0.125,-7.278,0.0,41.892,0.094,0.0,-4.744,254.956,0.003,0.0,0.651,300.0,0.0,0.0,5.167
2,31,0.0,0.0,0.074,0.0,0.074,-8.676,0.0,41.798,0.055,0.0,-5.289,254.953,0.002,0.0,0.357,300.0,0.0,0.0,5.084
2,32,0.0,0.0,0.068,0.0,0.068,-8.998,0.0,41.742,0.051,0.0,-5.785,254.952,0.002,0.0,0.09,300.0,0.0,0.0,5.008
2,33,0.0,0.0,0.056,0.0,0.056,-9.645,0.0,41.692,0.041,0.0,-6.3,254.95,0.001,0.0,-0.188,300.0,0.0,0.0,4.93
2,34,0.0,0.0,0.001,0.0,0.001,-11.748,0.0,41.65,0.001,0.0,-7.101,254.949,0.0,0.0,-0.62,300.0,0.0,0.0,4.808
2,35,0.0,0.0,0.001,0.0,0.001,-15.112,0.0,41.649,0.001,0.0,-8.362,254.949,0.0,0.0,-1.299,300.0,0.0,0.0,4.616
2,36,0.0,0.0,0.001,0.0,0.001,-16.615,0.0,41.649,0.001,0.0,-9.649,254.949,0.0,0.0,-1.992,300.0,0.0,0.0,4.421
2,37,0.0,0.0,0.001,0.0,0.001,-15.795,0.0,41.648,0.001,0.0,-10.527,254.949,0.0,0.0,-2.465,300.0,0.0,0.0,4.287
2,38,0.0,0.0,0.001,0.0,0.001,-13.603,0.0,41.647,0.001,0.0,-10.824,254.949,0.0,0.0,-2.625,300.0,0.0,0.0,4.242
2,39,0.0,0.0,0.022,0.0,0.022,-11.896,0.0,41.646,0.016,0.0,-10.747,254.949,0.001,0.0,-2.584,300.0,0.0,0.0,4.254
2,40,0.0,0.0,0.051,0.0,0.051,-11.639,0.0,41.63,0.038,0.0,-10.639,254.948,0.001,0.0,-2.525,300.0,0.0,0.0,4.27
2,41,0.0,0.0,0.03,0.0,0.03,-11.308,0.0,41.593,0.022,0.0,-10.49,254.947,0.001,0.0,-2.446,300.0,0.0,0.0,4.292
2,42,0.0,0.0,0.031,0.0,0.031,-11.727,0.0,41.571,0.023,0.0,-10.449,254.946,0.001,0.0,-2.423,300.0,0.0,0.0,4.299
2,43,0.0,0.0,0.178,0.0,0.178,-9.001,0.0,41.548,0.13,0.0,-9.913,254.945,0.004,0.0,-2.135,300.0,0.0,0.0,4.38
2,44,0.0,0.0,0.154,0.0,0.154,-7.58,0.0,41.418,0.112,0.0,-9.222,254.941,0.004,0.0,-1.763,300.0,0.0,0.0,4.485
2,45,0.0,0.0,0.079,0.0,0.079,-9.701,0.0,41.306,0.057,0.0,-9.061,254.937,0.002,0.0,-1.676,300.0,0.0,0.0,4.509
2,46,0.0,0.0,0.089,0.0,0.089,-10.332,0.0,41.249,0.064,0.0,-9.048,254.936,0.002,0.0,-1.67,300.0,0.0,0.0,4.511
2,47,0.0,0.0,0.088,0.0,0.088,-10.939,0.0,41.186,0.063,0.0,-9.15,254.933,0.002,0.0,-1.725,300.0,0.0,0.0,4.495
2,48,0.0,0.0,0.175,0.0,0.175,-10.071,0.0,41.123,0.124,0.0,-9.071,254.931,0.004,0.0,-1.683,300.0,0.0,0.0,4.507
2,49,0.0,0.0,0.228,0.0,0.228,-7.275,0.0,41.0,0.159,0.0,-8.492,254.927,0.005,0.0,-1.371,300.0,0.0,0.0,4.595
2,50,0.0,0.0,0.176,0.0,0.176,-7.569,0.0,40.84,0.121,0.0,-8.083,254.922,0.004,0.0,-1.151,300.0,0.0,0.0,4.657
2,51,0.0,0.0,0.549,0.0,0.549,-2.833,0.0,40.719,0.375,0.0,-6.882,254.917,0.013,0.0,-0.505,300.0,0.0,0.0,4.839
2,52,0.0,0.0,0.536,0.0,0.536,-0.983,0.0,40.344,0.355,0.0,-5.58,254.904,0.013,0.0,0.197,300.0,0.0,0.0,5.037
2,53,7.06,2.23,0.751,0.0,0.751,1.529,0.149,39.989,0.483,0.0,-4.075,254.891,0.018,0.0,1.007,300.0,0.0,0.0,5.265
2,54,0.0,0.0,0.388,0.0,0.388,-2.241,0.0,44.334,0.358,0.0,-3.566,254.873,0.009,0.0,1.283,300.0,0.0,0.0,5.344
2,55,0.0,0.0,0.246,0.0,0.246,-3.87,0.0,43.976,0.22,0.0,-3.459,254.864,0.006,0.0,1.341,300.0,0.0,0.0,5.361
2,56,0.0,0.0,0.225,0.0,0.225,-4.144,0.0,43.756,0.198,0.0,-3.425,254.858,0.005,0.0,1.36,300.0,0.0,0.0,5.367
2,57,0.0,0.0,0.254,0.0,0.254,-2.676,0.0,43.558,0.22,0.0,-3.126,254.853,0.006,0.0,1.522,300.0,0.0,0.0,5.413
2,58,0.0,0.0,0.285,0.0,0.285,-2.754,0.0,43.338,0.242,0.0,-2.902,254.847,0.007,0.0,1.643,300.0,0.0,0.0,5.447
2,59,0.0,0.0,0.345,0.0,0.345,-2.313,0.0,43.096,0.287,0.0,-2.641,254.84,0.008,0.0,1.783,300.0,0.0,0.0,5.487
2,60,0.0,0.0,0.314,0.0,0.314,-1.486,0.0,42.808,0.255,0.0,-2.279,254.832,0.008,0.0,1.978,300.0,0.0,0.0,5.541
2,61,0.0,0.0,0.164,0.0,0.164,-2.036,0.0,42.553,0.131,0.0,-2.092,254.824,0.004,0.0,2.079,300.0,0.0,0.0,5.57
2,62,0.0,0.0,0.422,0.0,0.422,-3.573,0.0,42.422,0.332,0.0,-2.226,254.82,0.01,0.0,2.006,300.0,0.0,0.0,5.549
2,63,0.0,0.0,0.221,0.0,0.221,-7.144,0.0,42.09,0.169,0.0,-2.992,254.81,0.005,0.0,1.594,300.0,0.0,0.0,5.433
2,64,0.0,0.0,0.361,0.0,0.361,-5.655,0.0,41.921,0.273,0.0,-3.33,254.805,0.009,0.0,1.412,300.0,0.0,0.0,5.381
2,65,0.0,0.0,0.189,0.0,0.189,-10.21,0.0,41.648,0.14,0.0,-4.441,254.796,0.005,0.0,0.813,300.0,0.0,0.0,5.212
2,66,0.0,0.0,0.126,0.0,0.126,-10.937,0.0,41.509,0.092,0.0,-5.463,254.792,0.003,0.0,0.262,300.0,0.0,0.0,5.056
2,67,0.0,0.0,0.242,0.0,0.242,-9.041,0.0,41.417,0.175,0.0,-5.932,254.789,0.006,0.0,0.009,300.0,0.0,0.0,4.985
2,68,0.0,0.0,0.375,0.0,0.375,-6.244,0.0,41.242,0.268,0.0,-5.791,254.783,0.009,0.0,0.085,300.0,0.0,0.0,5.006
2,69,6.35,1.79,0.84,0.0,0.84,0.751,0.117,40.974,0.586,0.0,-4.387,254.774,0.02,0.0,0.841,300.0,0.0,0.0,5.219
2,70,0.0,0.0,0.797,0.0,0.797,0.129,0.0,44.947,0.774,0.0,-3.378,254.754,0.019,0.0,1.385,300.0,0.0,0.0,5.373
2,71,47.7,39.45,0.843,0.0,0.843,0.595,3.659,44.173,0.768,0.0,-2.485,254.735,0.02,0.0,1.866,300.0,0.0,0.0,5.509
2,72,3.23,0.31,0.814,0.0,0.814,4.398,0.017,51.655,0.794,6.533,-1.069,254.715,0.019,0.0,2.629,300.0,0.0,0.0,5.725
2,73,0.0,0.0,1.177,0.0,1.177,7.232,0.0,47.239,1.149,2.198,0.587,261.229,0.028,2.687,3.52,300.0,0.0,0.0,5.976
2,74,0.0,0.0,0.68,0.0,0.68,1.628,0.0,43.892,0.605,0.0,0.878,260.711,0.016,2.464,3.679,302.687,0.0,1.024,6.022
2,75,0.0,0.0,0.454,0.0,0.454,-3.044,0.0,43.287,0.384,0.0,0.249,258.231,0.011,1.394,3.343,304.127,0.0,1.573,5.929
2,76,0.0,0.0,0.524,0.0,0.524,-2.884,0.0,42.903,0.429,0.0,-0.225,256.826,0.013,0.788,3.09,303.948,0.0,1.505,5.858
2,77,0.0,0.0,0.583,0.0,0.583,-1.449,0.0,42.473,0.461,0.0,-0.34,256.025,0.014,0.442,3.028,303.231,0.0,1.232,5.841
2,78,0.0,0.0,0.643,0.0,0.643,-0.438,0.0,42.012,0.489,0.0,-0.245,255.569,0.015,0.246,3.079,302.441,0.0,0.931,5.855
2,79,0.0,0.0,0.832,0.0,0.832,-0.275,0.0,41.523,0.608,0.0,-0.14,255.308,0.02,0.133,3.135,301.756,0.0,0.67,5.87
2,80,0.0,0.0,0.684,0.0,0.684,-1.973,0.0,40.915,0.475,0.0,-0.368,255.155,0.016,0.067,3.01,301.22,0.0,0.465,5.834
2,81,15.39,8.78,1.209,0.0,1.209,5.206,0.694,40.44,0.807,0.0,0.773,255.072,0.029,0.031,3.624,300.822,0.0,0.313,6.007
2,82,0.0,0.0,1.104,0.0,1.104,5.675,0.0,46.239,1.078,1.216,1.773,255.012,0.026,0.005,4.162,300.539,0.0,0.206,6.158
2,83,0.0,0.0,1.345,0.0,1.345,7.606,0.0,43.945,1.202,0.0,2.929,256.197,0.032,0.516,4.783,300.339,0.0,0.129,6.333
2,84,2.79,0.0,1.24,0.0,1.24,9.71,0.0,42.743,1.003,0.0,4.243,255.648,0.03,0.28,5.49,300.726,0.0,0.277,6.532
2,85,2.54,0.0,1.9,0.0,1.9,15.129,0.0,44.534,1.784,0.0,6.293,255.339,0.046,0.146,6.592,300.729,0.0,0.278,6.842
2,86,0.0,0.0,2.035,0.0,2.035,16.282,0.0,45.29,1.986,0.285,8.146,255.147,0.049,0.063,7.588,300.597,0.0,0.228,7.122
2,87,0.51,0.0,1.27,0.0,1.27,10.077,0.0,43.019,1.051,0.0,8.484,255.32,0.03,0.138,7.77,300.433,0.0,0.165,7.173
2,88,0.0,0.0,0.59,0.0,0.59,5.617,0.0,42.476,0.467,0.0,7.931,255.151,0.014,0.065,7.472,300.406,0.0,0.155,7.09
2,89,0.0,0.0,0.9,0.0,0.9,6.528,0.0,42.01,0.685,0.0,7.657,255.072,0.022,0.031,7.325,300.316,0.0,0.121,7.048
2,90,3.56,0.0,0.726,0.0,0.726,4.904,0.0,41.325,0.522,0.0,7.138,255.019,0.017,0.008,7.046,300.227,0.0,0.086,6.969
2,91,18.8,0.58,0.78,0.0,0.78,5.595,0.033,44.359,0.722,0.0,6.85,254.994,0.019,0.0,6.891,300.149,0.0,0.057,6.926
2,92,4.32,0.0,0.632,0.0,0.632,4.317,0.0,61.849,0.617,16.54,6.385,254.975,0.015,0.0,6.643,300.092,0.0,0.035,6.857
2,93,0.25,0.0,0.873,0.0,0.873,5.606,0.0,49.01,0.852,3.936,6.25,271.5,0.021,7.119,6.571,300.057,0.0,0.022,6.837
2,94,3.56,0.0,0.823,0.0,0.823,-0.122,0.0,44.475,0.769,0.0,5.086,268.296,0.02,5.737,5.951,307.155,0.0,2.727,6.666
2,95,0.0,0.0,0.405,0.0,0.405,-5.6,0.0,47.262,0.395,2.221,3.145,262.539,0.01,3.253,4.916,310.164,0.0,3.875,6.379
2,96,0.0,0.0,0.686,0.0,0.686,-3.946,0.0,44.646,0.65,0.0,1.897,261.498,0.016,2.804,4.249,309.542,0.0,3.638,6.194
2,97,0.0,0.0,0.478,0.0,0.478,-5.528,0.0,43.996,0.429,0.0,0.607,258.678,0.011,1.587,3.557,308.708,0.0,3.32,6.0
2,98,0.0,0.0,0.43,0.0,0.43,-5.143,0.0,43.567,0.372,0.0,-0.355,257.079,0.01,0.897,3.039,306.975,0.0,2.659,5.854
2,99,0.0,0.0,0.782,0.0,0.782,-2.006,0.0,43.195,0.657,0.0,-0.546,256.172,0.019,0.506,2.934,305.213,0.0,1.987,5.823
2,100,0.0,0.0,0.855,0.0,0.855,-0.569,0.0,42.538,0.68,0.0,-0.435,255.648,0.02,0.279,2.991,303.732,0.0,1.423,5.837
2,101,1.63,0.0,0.862,0.0,0.862,1.344,0.0,41.858,0.648,0.0,0.008,255.348,0.021,0.15,3.225,302.588,0.0,0.987,5.901
2,102,0.0,0.0,0.292,0.0,0.292,-1.845,0.0,42.843,0.238,0.0,-0.227,255.177,0.007,0.076,3.096,301.752,0.0,0.668,5.864
2,103,4.72,0.91,1.054,0.0,1.054,2.351,0.055,42.605,0.843,0.0,0.36,255.094,0.025,0.04,3.41,301.16,0.0,0.442,5.951
2,104,0.0,0.0,1.309,0.0,1.309,4.283,0.0,45.573,1.278,0.563,1.186,255.028,0.031,0.012,3.852,300.758,0.0,0.289,6.075
2,105,0.0,0.0,1.509,0.0,1.509,6.772,0.0,43.733,1.325,0.0,2.306,255.547,0.036,0.236,4.453,300.481,0.0,0.183,6.243
2,106,0.0,0.0,1.498,0.0,1.498,6.676,0.0,42.408,1.178,0.0,3.184,255.275,0.036,0.119,4.924,300.534,0.0,0.204,6.375
2,107,0.76,0.0,2.002,0.0,2.002,11.422,0.0,41.23,1.427,0.0,4.762,255.12,0.048,0.052,5.773,300.449,0.0,0.171,6.614
2,108,0.0,0.0,1.615,0.0,1.615,8.741,0.0,40.565,1.089,0.0,5.53,255.02,0.039,0.009,6.185,300.33,0.0,0.126,6.729
2,109,0.0,0.0,1.432,0.0,1.432,8.917,0.0,39.475,0.882,0.0,6.177,254.973,0.034,0.0,6.533,300.213,0.0,0.081,6.827
2,110,0.0,0.0,1.409,0.0,1.409,9.99,0.0,38.593,0.806,0.0,6.892,254.939,0.034,0.0,6.918,300.132,0.0,0.05,6.935
2,111,0.0,0.0,1.727,0.0,1.727,13.52,0.0,37.787,0.924,0.0,8.117,254.905,0.041,0.0,7.577,300.082,0.0,0.031,7.122
2,112,0.0,0.0,2.043,0.0,2.043,17.092,0.0,36.863,1.012,0.0,9.755,254.864,0.049,0.0,8.461,300.05,0.0,0.019,7.372
2,113,4.83,0.0,2.449,0.0,2.449,19.156,0.0,35.851,1.115,0.0,11.447,254.815,0.059,0.0,9.374,300.031,0.0,0.012,7.63
2,114,0.0,0.0,2.155,0.0,2.155,14.526,0.0,39.562,1.337,0.0,11.946,254.756,0.051,0.0,9.642,300.019,0.0,0.007,7.705
2,115,0.0,0.0,1.589,0.0,1.589,11.646,0.0,38.225,0.882,0.0,11.813,254.705,0.038,0.0,9.57,300.012,0.0,0.005,7.685
2,116,0.25,0.0,1.47,0.0,1.47,10.105,0.0,37.343,0.758,0.0,11.423,254.667,0.035,0.0,9.359,300.007,0.0,0.003,7.625
2,117,10.41,0.0,0.992,0.0,0.992,6.245,0.0,36.839,0.49,0.0,10.398,254.632,0.024,0.0,8.806,300.005,0.0,0.002,7.468
2,118,0.0,0.0,1.857,0.0,1.857,12.598,0.0,46.763,1.812,1.73,10.75,254.608,0.044,0.0,8.994,300.003,0.0,0.001,7.52
2,119,0.0,0.0,2.008,0.0,2.008,16.264,0.0,43.22,1.69,0.0,11.709,256.294,0.048,0.558,9.508,300.002,0.0,0.001,7.665
2,120,0.0,0.0,2.516,0.0,2.516,17.583,0.0,41.53,1.839,0.0,12.719,255.688,0.06,0.297,10.052,300.559,0.0,0.213,7.818
2,121,31.75,4.42,1.978,0.038,1.932,15.035,0.247,39.691,1.212,0.0,13.057,255.331,0.046,0.143,10.234,300.643,0.0,0.245,7.869
2,122,0.0,0.0,2.297,0.087,2.192,14.52,0.0,65.778,2.139,20.397,13.23,255.134,0.053,0.058,10.32,300.54,0.0,0.206,7.889
2,123,0.0,0.0,2.065,0.117,1.923,13.696,0.0,43.172,1.612,0.0,13.218,275.403,0.046,8.803,10.308,300.392,0.0,0.15,7.884
2,124,0.0,0.0,1.909,0.144,1.735,13.697,0.0,41.467,1.261,0.0,13.208,266.53,0.042,4.975,10.299,309.046,0.0,3.449,7.88
2,125,4.57,0.0,1.972,0.186,1.748,15.015,0.0,40.09,1.133,0.0,13.443,261.485,0.042,2.798,10.424,310.573,0.0,4.03,7.914
2,126,0.25,0.0,1.674,0.19,1.447,13.402,0.0,43.379,1.234,0.0,13.334,258.608,0.035,1.557,10.365,309.34,0.0,3.561,7.897
2,127,0.0,0.0,1.495,0.198,1.259,13.294,0.0,42.248,0.977,0.0,13.228,256.978,0.03,0.854,10.308,307.336,0.0,2.797,7.881
2,128,0.25,0.0,1.892,0.286,1.553,16.83,0.0,41.113,1.096,0.0,13.795,256.055,0.037,0.455,10.615,305.393,0.0,2.056,7.968
2,129,6.6,0.0,2.545,0.433,2.033,20.529,0.0,40.042,1.313,0.0,14.931,255.505,0.049,0.218,11.228,303.792,0.0,1.446,8.142
2,130,0.0,0.0,2.839,0.536,2.207,21.463,0.0,44.987,2.151,0.0,16.012,255.152,0.053,0.066,11.81,302.565,0.0,0.978,8.306
2,131,0.0,0.0,2.528,0.525,1.912,21.176,0.0,42.406,1.503,0.0,16.825,254.926,0.046,0.0,12.249,301.653,0.0,0.63,8.43
2,132,0.0,0.0,2.233,0.506,1.641,18.348,0.0,40.483,1.099,0.0,16.953,254.775,0.039,0.0,12.321,301.023,0.0,0.39,8.452
2,133,0.25,0.0,1.983,0.487,1.415,16.049,0.0,38.979,0.836,0.0,16.631,254.635,0.034,0.0,12.151,300.633,0.0,0.241,8.406
2,134,6.35,0.0,1.597,0.422,1.107,13.15,0.0,38.007,0.603,0.0,15.839,254.504,0.026,0.0,11.727,300.392,0.0,0.149,8.288
2,135,0.0,0.0,2.849,0.807,1.916,21.44,0.0,43.416,1.639,0.0,16.735,254.393,0.046,0.0,12.209,300.242,0.0,0.092,8.424
2,136,0.0,0.0,2.002,0.605,1.305,14.913,0.0,41.132,0.923,0.0,16.248,254.186,0.031,0.0,11.948,300.15,0.0,0.057,8.351
2,137,0.25,0.0,1.627,0.522,1.028,11.034,0.0,39.725,0.646,0.0,15.142,254.034,0.024,0.0,11.354,300.093,0.0,0.035,8.184
2,138,0.0,0.0,1.959,0.666,1.198,11.492,0.0,38.915,0.704,0.0,14.341,253.905,0.028,0.0,10.924,300.057,0.0,0.022,8.063
2,139,0.0,0.0,2.332,0.837,1.379,15.144,0.0,37.678,0.731,0.0,14.376,253.744,0.032,0.0,10.945,300.035,0.0,0.014,8.07
2,140,0.51,0.0,2.89,1.091,1.652,16.114,0.0,36.277,0.779,0.0,14.582,253.544,0.039,0.0,11.058,300.022,0.0,0.008,8.103
2,141,0.0,0.0,1.663,0.66,0.918,13.178,0.0,35.132,0.394,0.0,14.205,253.287,0.021,0.0,10.857,300.014,0.0,0.005,8.047
2,142,0.0,0.0,2.872,1.194,1.528,16.864,0.0,34.211,0.607,0.0,14.584,253.134,0.036,0.0,11.064,300.008,0.0,0.003,8.107
2,143,0.0,0.0,2.702,1.173,1.386,21.155,0.0,32.649,0.483,0.0,15.68,252.859,0.032,0.0,11.659,300.005,0.0,0.002,8.278
2,144,46.74,11.2,2.567,1.164,1.267,23.21,0.073,31.227,0.393,0.0,16.936,252.592,0.029,0.0,12.341,300.003,0.0,0.001,8.473
2,145,7.87,0.0,2.934,1.386,1.392,20.317,0.0,65.442,1.359,20.068,17.403,252.33,0.032,0.0,12.577,300.002,0.0,0.001,8.532
2,146,0.0,0.0,2.157,1.059,0.983,18.206,0.0,50.781,0.959,5.675,17.387,272.089,0.024,7.373,12.555,300.001,0.0,0.0,8.519
2,147,2.03,0.0,1.793,0.915,0.783,16.008,0.0,43.299,0.663,0.0,16.969,270.155,0.019,6.539,12.323,307.374,0.0,2.811,8.45
2,148,0.0,0.0,1.925,1.018,0.805,15.032,0.0,43.936,0.719,0.0,16.455,263.414,0.019,3.631,12.042,311.102,0.0,4.232,8.368
2,149,0.0,0.0,2.328,1.275,0.931,17.54,0.0,42.402,0.732,0.0,16.506,259.561,0.022,1.968,12.067,310.5,0.0,4.003,8.374
2,150,9.14,0.0,2.567,1.455,0.979,21.826,0.0,40.651,0.665,0.0,17.339,257.316,0.023,0.999,12.514,308.465,0.0,3.227,8.499
2,151,3.05,0.0,2.558,1.498,0.929,24.218,0.0,47.966,0.907,2.911,18.445,256.002,0.022,0.432,13.105,306.237,0.0,2.378,8.664
2,152,0.25,0.0,2.5,1.511,0.863,23.423,0.0,45.997,0.843,0.979,19.184,258.159,0.021,1.363,13.501,304.292,0.0,1.636,8.774
2,153,2.29,0.0,2.462,1.535,0.806,24.392,0.0,43.221,0.678,0.0,19.955,257.452,0.019,1.058,13.916,304.019,0.0,1.532,8.892
2,154,2.29,0.0,2.449,1.573,0.758,24.032,0.0,43.601,0.658,0.0,20.505,256.068,0.018,0.461,14.214,303.545,0.0,1.351,8.976
2,155,9.4,0.0,1.69,1.117,0.493,22.27,0.0,43.97,0.442,0.0,20.62,255.274,0.012,0.118,14.279,302.654,0.0,1.012,8.996
2,156,0.76,0.0,2.409,1.638,0.662,19.933,0.0,52.032,0.646,6.903,20.28,254.921,0.016,0.0,14.095,301.761,0.0,0.671,8.944
2,157,0.0,0.0,2.053,1.435,0.528,17.97,0.0,43.935,0.471,0.0,19.647,261.48,0.013,2.796,13.755,301.089,0.0,0.415,8.848
2,158,5.59,0.0,2.175,1.561,0.522,18.424,0.0,42.315,0.408,0.0,19.224,258.385,0.013,1.46,13.529,303.47,0.0,1.323,8.786
2,159,19.56,0.82,2.939,2.165,0.656,20.864,0.003,46.247,0.64,1.224,19.335,256.6,0.016,0.69,13.589,303.608,0.0,1.375,8.802
2,160,0.0,0.0,2.276,1.72,0.469,18.755,0.0,61.391,0.458,16.091,19.034,256.684,0.011,0.727,13.419,302.923,0.0,1.114,8.751
2,161,0.0,0.0,2.645,2.048,0.501,20.88,0.0,43.466,0.431,0.0,19.185,271.693,0.012,7.203,13.495,302.535,0.0,0.966,8.769
2,162,0.0,0.0,2.662,2.112,0.46,21.878,0.0,41.397,0.333,0.0,19.49,264.069,0.011,3.913,13.656,308.771,0.0,3.344,8.813
2,163,0.0,0.0,3.05,2.477,0.477,23.561,0.0,39.375,0.291,0.0,20.046,259.722,0.011,2.038,13.955,309.34,0.0,3.561,8.897
2,164,0.0,0.0,3.453,2.87,0.484,25.187,0.0,37.102,0.245,0.0,20.791,257.178,0.012,0.94,14.361,307.817,0.0,2.98,9.014
2,165,0.0,0.0,2.93,2.491,0.363,25.523,0.0,34.562,0.148,0.0,21.45,255.653,0.009,0.282,14.724,305.777,0.0,2.202,9.12
2,166,0.0,0.0,2.866,2.491,0.309,26.116,0.0,32.421,0.106,0.0,22.088,254.864,0.007,0.0,15.077,303.856,0.0,1.47,9.225
2,167,1.78,0.0,2.993,2.656,0.276,27.759,0.0,30.322,0.079,0.0,22.902,254.359,0.007,0.0,15.528,302.386,0.0,0.91,9.359
2,168,2.03,0.0,2.887,2.617,0.22,27.619,0.0,29.896,0.061,0.0,23.528,253.821,0.005,0.0,15.876,301.477,0.0,0.563,9.463
2,169,0.0,0.0,2.624,2.429,0.158,28.161,0.0,29.773,0.043,0.0,24.129,253.292,0.004,0.0,16.21,300.914,0.0,0.348,9.562
2,170,24.38,1.53,3.16,2.984,0.142,27.124,0.006,27.787,0.033,0.0,24.419,252.803,0.003,0.0,16.376,300.565,0.0,0.216,9.614
2,171,0.0,0.0,2.703,2.604,0.08,24.174,0.0,48.215,0.078,3.156,24.103,252.203,0.002,0.0,16.198,300.35,0.0,0.133,9.56
2,172,0.0,0.0,3.065,3.01,0.044,25.584,0.0,42.898,0.036,0.0,24.111,254.836,0.001,0.0,16.198,300.216,0.0,0.083,9.558
2,173,0.0,0.0,2.768,2.768,0.0,24.232,0.0,40.454,0.0,0.0,23.868,254.233,0.0,0.0,16.066,300.134,0.0,0.051,9.52
2,174,0.0,0.0,2.896,2.896,0.0,23.329,0.0,38.239,0.0,0.0,23.508,253.68,0.0,0.0,15.873,300.083,0.0,0.032,9.466
2,175,0.0,0.0,2.985,2.985,-0.0,24.066,0.0,35.923,-0.0,0.0,23.356,253.101,-0.0,0.0,15.794,300.051,-0.0,0.02,9.445
2,176,0.0,0.0,3.082,3.082,-0.0,25.368,0.0,33.534,-0.0,0.0,23.475,252.504,-0.0,0.0,15.863,300.032,-0.0,0.012,9.468
2,177,0.0,0.0,2.854,2.854,-0.0,27.306,0.0,31.069,-0.0,0.0,23.929,251.887,-0.0,0.0,16.115,300.02,-0.0,0.007,9.543
2,178,0.51,0.0,3.536,3.536,0.0,29.723,0.0,28.785,0.0,0.0,24.739,251.316,0.0,0.0,16.561,300.012,0.0,0.005,9.674
2,179,0.0,0.0,2.872,2.872,-0.0,27.842,0.0,26.465,-0.0,0.0,25.04,250.609,-0.0,0.0,16.733,300.008,-0.0,0.003,9.727
2,180,0.0,0.0,2.345,2.345,-0.0,23.519,0.0,24.167,-0.0,0.0,24.483,250.035,-0.0,0.0,16.439,300.005,-0.0,0.002,9.647
2,181,0.0,0.0,3.131,3.131,0.0,23.556,0.0,22.291,0.0,0.0,24.044,249.566,0.0,0.0,16.209,300.003,0.0,0.001,9.586
2,182,0.0,0.0,3.557,3.557,-0.0,24.333,0.0,19.786,-0.0,0.0,23.838,248.939,-0.0,0.0,16.105,300.002,-0.0,0.001,9.561
2,183,0.0,0.0,2.592,2.592,0.0,23.359,0.0,16.94,0.0,0.0,23.493,248.228,0.0,0.0,15.927,300.001,0.0,0.0,9.514
2,184,4.06,0.0,2.188,2.188,-0.0,23.048,0.0,15.0,-0.0,0.0,23.16,247.71,-0.0,0.0,15.755,300.001,-0.0,0.0,9.47
2,185,18.8,0.26,2.616,2.616,-0.0,24.285,0.001,17.314,-0.0,0.0,23.122,247.272,-0.0,0.0,15.741,300.0,-0.0,0.0,9.469
2,186,1.02,0.0,3.232,3.232,-0.0,25.407,0.0,33.756,-0.0,0.0,23.296,246.749,-0.0,0.0,15.829,300.0,-0.0,0.0,9.491
2,187,1.27,0.0,3.121,3.121,-0.0,26.094,0.0,32.186,-0.0,0.0,23.563,246.102,-0.0,0.0,15.971,300.0,-0.0,0.0,9.53
2,188,0.0,0.0,3.217,3.217,-0.0,26.494,0.0,30.959,-0.0,0.0,23.85,245.478,-0.0,0.0,16.126,300.0,-0.0,0.0,9.574
2,189,0.0,0.0,2.934,2.934,0.0,29.085,0.0,28.385,0.0,0.0,24.559,244.835,0.0,0.0,16.513,300.0,0.0,0.0,9.685
2,190,3.56,0.0,3.254,3.254,0.0,29.973,0.0,26.038,0.0,0.0,25.292,244.248,0.0,0.0,16.914,300.0,0.0,0.0,9.803
2,191,0.0,0.0,3.07,3.07,0.0,30.073,0.0,26.991,0.0,0.0,25.896,243.597,0.0,0.0,17.246,300.0,0.0,0.0,9.899
2,192,0.76,0.0,3.315,3.315,0.0,27.585,0.0,24.535,0.0,0.0,25.92,242.983,0.0,0.0,17.263,300.0,0.0,0.0,9.907
2,193,1.02,0.0,2.562,2.562,-0.0,24.716,0.0,22.645,-0.0,0.0,25.409,242.32,-0.0,0.0,16.99,300.0,-0.0,0.0,9.831
2,194,2.29,0.0,2.645,2.645,0.0,22.948,0.0,21.611,0.0,0.0,24.674,241.808,0.0,0.0,16.595,300.0,0.0,0.0,9.72
2,195,1.78,0.0,2.303,2.303,-0.0,22.672,0.0,21.782,-0.0,0.0,24.035,241.279,-0.0,0.0,16.251,300.0,-0.0,0.0,9.623
2,196,0.0,0.0,2.65,2.65,0.0,21.797,0.0,21.717,0.0,0.0,23.362,240.818,0.0,0.0,15.888,300.0,0.0,0.0,9.52
2,197,12.45,0.0,3.086,3.086,0.0,23.247,0.0,19.597,0.0,0.0,23.093,240.288,0.0,0.0,15.746,300.0,0.0,0.0,9.482
2,198,1.27,0.0,2.186,2.186,-0.0,22.327,0.0,29.575,-0.0,0.0,22.705,239.671,-0.0,0.0,15.533,300.0,-0.0,0.0,9.419
2,199,0.0,0.0,2.484,2.484,-0.0,23.851,0.0,29.096,-0.0,0.0,22.677,239.234,-0.0,0.0,15.516,300.0,-0.0,0.0,9.414
2,200,28.96,2.51,2.969,2.969,-0.0,24.636,0.011,27.108,-0.0,0.0,22.801,238.737,-0.0,0.0,15.584,300.0,-0.0,0.0,9.434
2,201,0.0,0.0,2.538,2.538,0.0,22.445,0.0,51.181,0.0,6.068,22.491,238.143,0.0,0.0,15.401,300.0,0.0,0.0,9.373
2,202,0.0,0.0,2.438,2.438,0.0,21.317,0.0,43.083,0.0,0.0,22.035,243.703,0.0,0.0,15.144,300.0,0.0,0.0,9.295
2,203,0.0,0.0,2.731,2.731,0.0,22.028,0.0,41.133,0.0,0.0,21.802,243.216,0.0,0.0,15.011,300.0,0.0,0.0,9.253
2,204,0.25,0.0,2.276,2.276,0.0,22.523,0.0,38.948,0.0,0.0,21.708,242.67,0.0,0.0,14.956,300.0,0.0,0.0,9.235
2,205,0.0,0.0,2.46,2.46,0.0,24.055,0.0,37.381,0.0,0.0,21.915,242.215,0.0,0.0,15.067,300.0,0.0,0.0,9.266
2,206,0.0,0.0,2.491,2.491,0.0,25.792,0.0,35.413,0.0,0.0,22.402,241.723,0.0,0.0,15.332,300.0,0.0,0.0,9.342
2,207,0.0,0.0,2.741,2.741,0.0,26.691,0.0,33.42,0.0,0.0,22.959,241.224,0.0,0.0,15.636,300.0,0.0,0.0,9.43
2,208,7.37,0.0,2.927,2.927,0.0,27.793,0.0,31.228,0.0,0.0,23.608,240.676,0.0,0.0,15.992,300.0,0.0,0.0,9.534
2,209,0.0,0.0,2.849,2.849,-0.0,26.878,0.0,36.252,-0.0,0.0,23.957,240.091,-0.0,0.0,16.181,300.0,-0.0,0.0,9.588
2,210,0.0,0.0,3.008,3.008,0.0,26.363,0.0,33.973,0.0,0.0,24.142,239.521,0.0,0.0,16.284,300.0,0.0,0.0,9.619
2,211,0.0,0.0,3.046,3.046,0.0,26.229,0.0,31.567,0.0,0.0,24.266,238.919,0.0,0.0,16.355,300.0,0.0,0.0,9.641
2,212,0.0,0.0,3.15,3.15,-0.0,26.954,0.0,29.13,-0.0,0.0,24.499,238.31,-0.0,0.0,16.487,300.0,-0.0,0.0,9.682
2,213,0.0,0.0,3.005,3.005,0.0,27.484,0.0,26.61,0.0,0.0,24.785,237.68,0.0,0.0,16.649,300.0,0.0,0.0,9.732
2,214,0.0,0.0,2.924,2.924,-0.0,29.026,0.0,24.206,-0.0,0.0,25.299,237.079,-0.0,0.0,16.937,300.0,-0.0,0.0,9.819
2,215,0.0,0.0,3.308,3.308,0.0,27.148,0.0,21.867,0.0,0.0,25.363,236.494,0.0,0.0,16.98,300.0,0.0,0.0,9.836
2,216,0.0,0.0,2.997,2.997,-0.0,25.885,0.0,19.221,-0.0,0.0,25.181,235.833,-0.0,0.0,16.89,300.0,-0.0,0.0,9.815
2,217,1.27,0.0,1.874,1.874,0.0,23.65,0.0,16.823,0.0,0.0,24.623,235.233,0.0,0.0,16.594,300.0,0.0,0.0,9.734
2,218,0.0,0.0,1.498,1.498,0.0,22.828,0.0,16.594,0.0,0.0,24.025,234.859,0.0,0.0,16.274,300.0,0.0,0.0,9.645
2,219,0.76,0.0,2.431,2.431,0.0,24.547,0.0,15.396,0.0,0.0,23.865,234.559,0.0,0.0,16.193,300.0,0.0,0.0,9.625
2,220,0.0,0.0,3.067,3.067,0.0,25.772,0.0,15.0,0.0,0.0,23.963,234.073,0.0,0.0,16.254,300.0,0.0,0.0,9.647
2,221,0.0,0.0,2.586,2.586,0.0,25.762,0.0,15.0,0.0,0.0,24.04,233.46,0.0,0.0,16.302,300.0,0.0,0.0,9.664
2,222,4.32,0.0,2.532,2.532,0.0,25.865,0.0,15.0,0.0,0.0,24.12,232.942,0.0,0.0,16.351,300.0,0.0,0.0,9.681
2,223,2.54,0.0,2.978,2.978,0.0,26.318,0.0,17.293,0.0,0.0,24.268,232.436,0.0,0.0,16.435,300.0,0.0,0.0,9.707
2,224,15.24,0.0,2.525,2.525,0.0,25.906,0.0,17.451,0.0,0.0,24.311,231.841,0.0,0.0,16.46,300.0,0.0,0.0,9.715
2,225,0.0,0.0,2.836,2.836,-0.0,24.806,0.0,30.671,-0.0,0.0,24.139,231.336,-0.0,0.0,16.36,300.0,-0.0,0.0,9.682
2,226,3.56,0.0,2.512,2.512,-0.0,24.045,0.0,28.402,-0.0,0.0,23.862,230.768,-0.0,0.0,16.204,300.0,-0.0,0.0,9.635
2,227,0.0,0.0,2.493,2.493,-0.0,24.316,0.0,29.948,-0.0,0.0,23.69,230.266,-0.0,0.0,16.106,300.0,-0.0,0.0,9.605
2,228,0.0,0.0,1.789,1.789,-0.0,23.213,0.0,27.953,-0.0,0.0,23.348,229.767,-0.0,0.0,15.919,300.0,-0.0,0.0,9.55
2,229,0.0,0.0,2.585,2.585,0.0,22.097,0.0,26.522,0.0,0.0,22.869,229.409,0.0,0.0,15.657,300.0,0.0,0.0,9.474
2,230,0.0,0.0,2.333,2.333,0.0,19.915,0.0,24.454,0.0,0.0,22.083,228.892,0.0,0.0,15.228,300.0,0.0,0.0,9.35
2,231,22.86,0.72,1.068,1.068,-0.0,17.668,0.003,22.588,-0.0,0.0,21.038,228.426,-0.0,0.0,14.658,300.0,-0.0,0.0,9.185
2,232,22.86,1.02,0.883,0.883,0.0,16.807,0.004,43.869,0.0,0.0,20.042,228.212,0.0,0.0,14.106,300.0,0.0,0.0,9.021
2,233,22.86,1.37,0.765,0.765,0.0,16.856,0.005,65.007,0.0,19.64,19.252,228.036,0.0,0.0,13.66,300.0,0.0,0.0,8.884
2,234,4.57,0.0,1.477,1.477,-0.0,17.527,0.0,66.248,-0.0,20.859,18.741,247.523,-0.0,0.0,13.359,300.0,-0.0,0.0,8.786
2,235,0.51,0.0,1.479,1.479,-0.0,18.989,0.0,48.78,-0.0,3.71,18.602,268.086,-0.0,5.646,13.261,300.0,-0.0,0.0,8.746
2,236,0.0,0.0,1.546,1.546,-0.0,19.636,0.0,44.394,-0.0,0.0,18.61,265.855,-0.0,4.683,13.247,305.646,-0.0,2.153,8.732
2,237,0.0,0.0,2.0,2.0,-0.0,19.289,0.0,43.157,-0.0,0.0,18.553,260.862,-0.0,2.529,13.204,308.177,-0.0,3.117,8.713
2,238,0.0,0.0,2.076,2.076,-0.0,18.514,0.0,41.557,-0.0,0.0,18.365,257.933,-0.0,1.265,13.095,307.589,-0.0,2.893,8.679
2,239,10.41,0.0,1.879,1.879,0.0,19.081,0.0,39.896,0.0,0.0,18.32,256.252,0.0,0.54,13.068,305.961,0.0,2.273,8.669
2,240,3.05,0.0,1.807,1.807,0.0,19.827,0.0,48.807,0.0,3.737,18.421,255.336,0.0,0.145,13.116,304.229,0.0,1.612,8.679
2,241,25.91,2.61,2.744,0.0,2.744,27.319,0.177,46.672,2.678,1.642,19.883,258.567,0.066,1.539,13.895,302.762,0.0,1.053,8.894
2,242,0.0,0.0,2.049,0.0,2.049,19.861,0.0,65.655,2.0,20.277,19.675,258.604,0.049,1.555,13.769,303.248,0.0,1.238,8.852
2,243,0.0,0.0,2.156,0.0,2.156,17.384,0.0,43.378,1.838,0.0,19.053,277.276,0.052,9.612,13.427,303.565,0.0,1.359,8.752
2,244,0.0,0.0,2.243,0.0,2.243,20.34,0.0,41.54,1.641,0.0,19.1,267.613,0.054,5.442,13.446,311.818,0.0,4.505,8.754
2,245,0.0,0.0,2.231,0.0,2.231,19.773,0.0,39.899,1.423,0.0,19.034,262.117,0.053,3.071,13.409,312.755,0.0,4.862,8.743
2,246,0.0,0.0,2.362,0.0,2.362,22.198,0.0,38.476,1.338,0.0,19.429,258.993,0.057,1.723,13.623,310.963,0.0,4.179,8.804
2,247,0.0,0.0,2.304,0.0,2.304,22.505,0.0,37.137,1.168,0.0,19.803,257.213,0.055,0.955,13.829,308.507,0.0,3.243,8.864
2,248,0.0,0.0,2.328,0.0,2.328,24.436,0.0,35.969,1.071,0.0,20.459,256.203,0.056,0.519,14.188,306.219,0.0,2.371,8.968
2,249,0.0,0.0,2.37,0.0,2.37,25.409,0.0,34.899,0.997,0.0,21.164,255.628,0.057,0.271,14.575,304.367,0.0,1.665,9.082
2,250,1.02,0.0,1.764,0.0,1.764,22.697,0.0,33.902,0.683,0.0,21.227,255.3,0.042,0.13,14.617,302.973,0.0,1.133,9.097
2,251,1.78,0.0,1.833,0.0,1.833,16.323,0.0,34.235,0.73,0.0,20.102,255.128,0.044,0.055,14.016,301.969,0.0,0.751,8.931
2,252,0.0,0.0,1.718,0.0,1.718,17.025,0.0,35.284,0.746,0.0,19.331,255.029,0.041,0.013,13.606,301.274,0.0,0.486,8.817
2,253,0.0,0.0,1.646,0.0,1.646,14.24,0.0,34.538,0.672,0.0,18.2,254.975,0.039,0.0,13.0,300.801,0.0,0.305,8.648
2,254,8.89,0.0,0.825,0.0,0.825,9.921,0.0,33.866,0.318,0.0,16.499,254.936,0.02,0.0,12.085,300.496,0.0,0.189,8.391
2,255,0.0,0.0,1.381,0.0,1.381,8.372,0.0,42.437,1.089,0.0,14.851,254.916,0.033,0.0,11.198,300.307,0.0,0.117,8.141
2,256,0.0,0.0,1.289,0.0,1.289,9.679,0.0,41.349,0.928,0.0,13.774,254.883,0.031,0.0,10.619,300.19,0.0,0.072,7.977
2,257,7.87,0.0,1.671,0.0,1.671,11.603,0.0,40.421,1.114,0.0,13.268,254.852,0.04,0.0,10.347,300.117,0.0,0.045,7.901
2,258,0.0,0.0,1.008,0.0,1.008,3.798,0.0,47.181,0.984,2.141,11.423,254.812,0.024,0.0,9.354,300.073,0.0,0.028,7.621
2,259,0.0,0.0,1.324,0.0,1.324,6.155,0.0,44.056,1.194,0.0,10.381,256.929,0.032,0.832,8.793,300.045,0.0,0.017,7.463
2,260,0.0,0.0,1.334,0.0,1.334,10.657,0.0,42.862,1.089,0.0,10.379,256.065,0.032,0.46,8.791,300.86,0.0,0.328,7.462
2,261,0.0,0.0,1.407,0.0,1.407,14.443,0.0,41.772,1.049,0.0,11.076,255.574,0.034,0.247,9.166,300.992,0.0,0.378,7.568
2,262,8.38,0.0,1.531,0.0,1.531,17.631,0.0,40.723,1.046,0.0,12.221,255.292,0.037,0.126,9.783,300.861,0.0,0.328,7.742
2,263,0.0,0.0,1.56,0.0,1.56,13.612,0.0,48.059,1.523,3.002,12.396,255.13,0.037,0.056,9.875,300.659,0.0,0.251,7.767
2,264,0.0,0.0,1.283,0.0,1.283,13.267,0.0,43.533,1.108,0.0,12.472,258.039,0.031,1.311,9.915,300.464,0.0,0.177,7.777
2,265,12.7,0.0,2.026,0.0,2.026,15.521,0.0,42.425,1.596,0.0,12.949,256.697,0.049,0.732,10.171,301.598,0.0,0.609,7.849
2,266,0.0,0.0,1.522,0.0,1.522,13.765,0.0,53.528,1.485,8.372,13.006,255.916,0.036,0.395,10.199,301.721,0.0,0.656,7.855
2,267,0.0,0.0,1.65,0.0,1.65,18.05,0.0,43.671,1.442,0.0,13.841,263.856,0.04,3.821,10.644,301.46,0.0,0.557,7.979
2,268,35.81,6.7,1.785,0.0,1.785,19.645,0.508,42.229,1.383,0.0,14.805,259.996,0.043,2.155,11.16,304.725,0.0,1.801,8.123
2,269,0.25,0.0,1.141,0.0,1.141,11.8,0.0,69.962,1.114,24.505,14.127,257.797,0.027,1.207,10.791,305.079,0.0,1.936,8.016
2,270,2.03,0.0,1.261,0.0,1.261,11.354,0.0,44.598,1.19,0.0,13.503,281.068,0.03,11.247,10.452,304.35,0.0,1.658,7.92
2,271,0.0,0.0,1.359,0.0,1.359,11.518,0.0,45.439,1.326,0.431,13.033,269.79,0.033,6.381,10.197,313.939,0.0,5.314,7.847
2,272,0.0,0.0,1.312,0.0,1.312,11.588,0.0,43.682,1.147,0.0,12.671,263.807,0.031,3.8,10.002,315.007,0.0,5.721,7.792
2,273,8.89,0.0,1.126,0.0,1.126,11.294,0.0,42.534,0.895,0.0,12.328,259.976,0.027,2.147,9.819,313.086,0.0,4.989,7.74
2,274,14.99,0.2,1.422,0.0,1.422,16.816,0.01,50.529,1.388,5.428,13.071,257.802,0.034,1.209,10.214,310.244,0.0,3.905,7.85
2,275,0.0,0.0,1.356,0.0,1.356,16.479,0.0,58.499,1.323,13.251,13.602,261.987,0.033,3.015,10.493,307.548,0.0,2.877,7.925
2,276,21.84,1.69,1.169,0.0,1.169,11.44,0.109,43.924,1.043,0.0,13.099,272.191,0.028,7.418,10.224,307.685,0.0,2.93,7.85
2,277,0.0,0.0,1.291,0.0,1.291,12.104,0.0,63.037,1.26,17.707,12.818,264.746,0.031,4.205,10.069,312.173,0.0,4.641,7.805
2,278,0.0,0.0,1.61,0.0,1.61,14.185,0.0,44.07,1.454,0.0,12.977,278.216,0.039,10.017,10.151,311.737,0.0,4.474,7.825
2,279,10.16,0.0,1.353,0.0,1.353,17.74,0.0,42.616,1.083,0.0,13.759,268.161,0.032,5.678,10.566,317.28,0.0,6.587,7.939
2,280,0.25,0.0,1.459,0.0,1.459,18.967,0.0,51.693,1.424,6.571,14.611,262.45,0.035,3.214,11.016,316.371,0.0,6.241,8.062
2,281,4.06,0.0,1.253,0.0,1.253,17.913,0.0,43.953,1.121,0.0,15.099,265.771,0.03,4.647,11.278,313.344,0.0,5.087,8.135
2,282,9.65,0.0,1.387,0.0,1.387,12.069,0.0,46.896,1.354,1.861,14.413,261.094,0.033,2.629,10.914,312.905,0.0,4.92,8.036
2,283,0.0,0.0,0.751,0.0,0.751,6.389,0.0,53.333,0.733,8.18,12.817,260.292,0.018,2.283,10.065,310.615,0.0,4.046,7.802
2,284,0.25,0.0,0.575,0.0,0.575,4.998,0.0,44.42,0.535,0.0,11.283,266.171,0.014,4.82,9.249,308.852,0.0,3.374,7.576
2,285,0.0,0.0,0.803,0.0,0.803,4.982,0.0,44.139,0.729,0.0,10.054,261.337,0.019,2.734,8.595,310.297,0.0,3.925,7.396
2,286,0.0,0.0,0.56,0.0,0.56,3.577,0.0,43.409,0.479,0.0,8.811,258.584,0.013,1.546,7.932,309.106,0.0,3.471,7.212
2,287,0.0,0.0,0.921,0.0,0.921,6.903,0.0,42.931,0.757,0.0,8.43,257.024,0.022,0.873,7.73,307.181,0.0,2.738,7.156
2,288,7.11,0.0,0.44,0.0,0.44,4.982,0.0,42.174,0.339,0.0,7.771,256.129,0.011,0.487,7.378,305.317,0.0,2.027,7.059
2,289,14.48,0.1,0.555,0.0,0.555,6.643,0.005,48.947,0.542,3.875,7.55,255.631,0.013,0.272,7.261,303.777,0.0,1.44,7.027
2,290,7.11,0.0,0.819,0.0,0.819,9.368,0.0,58.911,0.799,13.656,7.875,259.22,0.02,1.821,7.435,302.609,0.0,0.995,7.075
2,291,23.11,2.13,0.847,0.0,0.847,9.468,0.142,51.567,0.827,6.447,8.154,271.036,0.02,6.919,7.584,303.435,0.0,1.31,7.117
2,292,8.13,0.0,0.913,0.0,0.913,10.154,0.0,65.279,0.891,19.908,8.503,270.543,0.022,6.707,7.767,309.045,0.0,3.448,7.166
2,293,1.78,0.0,0.568,0.0,0.568,5.676,0.0,52.608,0.554,7.469,7.958,283.723,0.014,12.393,7.479,312.303,0.0,4.69,7.088
2,294,0.0,0.0,1.018,0.0,1.018,8.761,0.0,46.363,0.994,1.338,8.089,278.785,0.024,10.263,7.548,320.006,0.0,7.627,7.106
2,295,0.0,0.0,0.983,0.0,0.983,9.039,0.0,44.031,0.885,0.0,8.246,269.836,0.024,6.401,7.631,322.642,0.0,8.632,7.129
2,296,0.0,0.0,0.555,0.0,0.555,3.159,0.0,43.146,0.464,0.0,7.288,263.411,0.013,3.629,7.123,320.412,0.0,7.781,6.989
2,297,0.0,0.0,0.716,0.0,0.716,4.734,0.0,42.682,0.576,0.0,6.812,259.769,0.017,2.058,6.869,316.26,0.0,6.198,6.919
2,298,0.0,0.0,0.666,0.0,0.666,3.192,0.0,42.106,0.511,0.0,6.146,257.694,0.016,1.162,6.514,312.119,0.0,4.62,6.82
2,299,0.0,0.0,0.694,0.0,0.694,3.394,0.0,41.595,0.51,0.0,5.651,256.516,0.017,0.654,6.248,308.661,0.0,3.302,6.746
2,300,0.0,0.0,0.551,0.0,0.551,3.667,0.0,41.085,0.388,0.0,5.305,255.845,0.013,0.365,6.062,306.013,0.0,2.292,6.694
2,301,0.0,0.0,0.7,0.0,0.7,3.176,0.0,40.697,0.477,0.0,4.938,255.467,0.017,0.202,5.864,304.086,0.0,1.557,6.638
2,302,0.0,0.0,0.617,0.0,0.617,3.756,0.0,40.22,0.404,0.0,4.751,255.249,0.015,0.107,5.763,302.73,0.0,1.041,6.609
2,303,0.0,0.0,0.78,0.0,0.78,6.426,0.0,39.816,0.494,0.0,5.094,255.127,0.019,0.055,5.948,301.796,0.0,0.685,6.661
2,304,0.0,0.0,0.731,0.0,0.731,7.584,0.0,39.321,0.444,0.0,5.582,255.053,0.018,0.023,6.21,301.166,0.0,0.445,6.735
2,305,0.51,0.0,0.549,0.0,0.549,3.883,0.0,38.877,0.322,0.0,5.289,255.013,0.013,0.006,6.052,300.745,0.0,0.284,6.69
2,306,0.0,0.0,0.55,0.0,0.55,2.953,0.0,39.063,0.327,0.0,4.883,254.994,0.013,0.0,5.833,300.466,0.0,0.178,6.628
2,307,0.0,0.0,0.534,0.0,0.534,2.859,0.0,38.736,0.309,0.0,4.542,254.981,0.013,0.0,5.648,300.289,0.0,0.11,6.576
2,308,0.76,0.0,0.501,0.0,0.501,2.63,0.0,38.427,0.283,0.0,4.226,254.968,0.012,0.0,5.478,300.179,0.0,0.068,6.527
2,309,0.0,0.0,0.487,0.0,0.487,3.687,0.0,38.906,0.286,0.0,4.168,254.956,0.012,0.0,5.447,300.11,0.0,0.042,6.518
2,310,0.0,0.0,0.297,0.0,0.297,1.965,0.0,38.62,0.17,0.0,3.804,254.944,0.007,0.0,5.25,300.068,0.0,0.026,6.463
2,311,0.0,0.0,0.329,0.0,0.329,-0.511,0.0,38.45,0.186,0.0,3.056,254.937,0.008,0.0,4.847,300.042,0.0,0.016,6.348
2,312,0.0,0.0,0.239,0.0,0.239,-0.743,0.0,38.263,0.133,0.0,2.415,254.929,0.006,0.0,4.501,300.026,0.0,0.01,6.25
2,313,0.0,0.0,0.377,0.0,0.377,0.954,0.0,38.13,0.208,0.0,2.215,254.924,0.009,0.0,4.393,300.016,0.0,0.006,6.22
2,314,0.0,0.0,0.369,0.0,0.369,0.3,0.0,37.923,0.2,0.0,1.934,254.915,0.009,0.0,4.241,300.01,0.0,0.004,6.177
2,315,0.25,0.0,0.344,0.0,0.344,0.601,0.0,37.723,0.183,0.0,1.765,254.906,0.008,0.0,4.15,300.006,0.0,0.002,6.151
2,316,0.0,0.0,0.425,0.0,0.425,4.144,0.0,37.794,0.228,0.0,2.284,254.898,0.01,0.0,4.43,300.004,0.0,0.001,6.23
2,317,0.0,0.0,0.486,0.0,0.486,2.141,0.0,37.567,0.255,0.0,2.33,254.887,0.012,0.0,4.454,300.002,0.0,0.001,6.237
2,318,0.0,0.0,0.474,0.0,0.474,2.588,0.0,37.311,0.244,0.0,2.448,254.876,0.011,0.0,4.518,300.001,0.0,0.001,6.255
2,319,0.0,0.0,0.302,0.0,0.302,1.552,0.0,37.067,0.152,0.0,2.352,254.864,0.007,0.0,4.466,300.001,0.0,0.0,6.24
2,320,0.0,0.0,0.27,0.0,0.27,-0.379,0.0,36.915,0.134,0.0,1.919,254.857,0.006,0.0,4.232,300.001,0.0,0.0,6.174
2,321,0.0,0.0,0.262,0.0,0.262,0.067,0.0,36.781,0.129,0.0,1.654,254.851,0.006,0.0,4.089,300.0,0.0,0.0,6.133
2,322,0.0,0.0,0.243,0.0,0.243,-1.011,0.0,36.652,0.118,0.0,1.244,254.845,0.006,0.0,3.867,300.0,0.0,0.0,6.07
2,323,0.25,0.0,0.282,0.0,0.282,-0.674,0.0,36.534,0.136,0.0,0.977,254.839,0.007,0.0,3.723,300.0,0.0,0.0,6.029
2,324,0.0,0.0,0.245,0.0,0.245,0.355,0.0,36.652,0.119,0.0,0.954,254.832,0.006,0.0,3.711,300.0,0.0,0.0,6.026
2,325,0.0,0.0,0.262,0.0,0.262,0.697,0.0,36.533,0.126,0.0,0.999,254.826,0.006,0.0,3.735,300.0,0.0,0.0,6.032
2,326,0.0,0.0,0.26,0.0,0.26,-0.78,0.0,36.406,0.124,0.0,0.762,254.82,0.006,0.0,3.607,300.0,0.0,0.0,5.996
2,327,0.0,0.0,0.179,0.0,0.179,-2.662,0.0,36.282,0.084,0.0,0.225,254.814,0.004,0.0,3.317,300.0,0.0,0.0,5.914
2,328,0.0,0.0,0.188,0.0,0.188,-2.93,0.0,36.198,0.088,0.0,-0.254,254.809,0.004,0.0,3.058,300.0,0.0,0.0,5.841
2,329,0.0,0.0,0.23,0.0,0.23,-1.003,0.0,36.11,0.107,0.0,-0.281,254.805,0.005,0.0,3.043,300.0,0.0,0.0,5.836
2,330,0.0,0.0,0.239,0.0,0.239,-0.172,0.0,36.003,0.11,0.0,-0.15,254.799,0.006,0.0,3.114,300.0,0.0,0.0,5.856
2,331,0.0,0.0,0.191,0.0,0.191,-2.313,0.0,35.892,0.087,0.0,-0.44,254.794,0.005,0.0,2.957,300.0,0.0,0.0,5.812
2,332,0.0,0.0,0.144,0.0,0.144,-3.97,0.0,35.805,0.065,0.0,-0.978,254.789,0.003,0.0,2.666,300.0,0.0,0.0,5.729
2,333,0.0,0.0,0.181,0.0,0.181,-3.522,0.0,35.74,0.082,0.0,-1.326,254.786,0.004,0.0,2.479,300.0,0.0,0.0,5.676
2,334,0.0,0.0,0.09,0.0,0.09,-4.602,0.0,35.658,0.04,0.0,-1.803,254.781,0.002,0.0,2.221,300.0,0.0,0.0,5.603
2,335,0.0,0.0,0.067,0.0,0.067,-6.153,0.0,35.618,0.03,0.0,-2.472,254.779,0.002,0.0,1.86,300.0,0.0,0.0,5.5
2,336,1.22,0.0,0.196,0.0,0.196,-3.625,0.0,35.588,0.087,0.0,-2.54,254.778,0.005,0.0,1.823,300.0,0.0,0.0,5.49
2,337,0.0,0.0,0.185,0.0,0.185,-3.433,0.0,36.72,0.091,0.0,-2.558,254.773,0.004,0.0,1.813,300.0,0.0,0.0,5.487
2,338,0.0,0.0,0.068,0.0,0.068,-5.476,0.0,36.629,0.033,0.0,-2.951,254.768,0.002,0.0,1.602,300.0,0.0,0.0,5.428
2,339,0.0,0.0,0.093,0.0,0.093,-5.192,0.0,36.596,0.045,0.0,-3.212,254.767,0.002,0.0,1.461,300.0,0.0,0.0,5.388
2,340,0.0,0.0,0.07,0.0,0.07,-6.943,0.0,36.551,0.034,0.0,-3.744,254.765,0.002,0.0,1.174,300.0,0.0,0.0,5.306
2,341,0.0,0.0,0.093,0.0,0.093,-6.666,0.0,36.517,0.045,0.0,-4.119,254.763,0.002,0.0,0.972,300.0,0.0,0.0,5.249
2,342,0.0,0.0,0.05,0.0,0.05,-7.492,0.0,36.473,0.024,0.0,-4.571,254.761,0.001,0.0,0.728,300.0,0.0,0.0,5.18
2,343,0.0,0.0,0.01,0.0,0.01,-8.442,0.0,36.449,0.005,0.0,-5.108,254.76,0.0,0.0,0.438,300.0,0.0,0.0,5.098
2,344,0.0,0.0,0.04,0.0,0.04,-7.781,0.0,36.444,0.019,0.0,-5.416,254.759,0.001,0.0,0.272,300.0,0.0,0.0,5.051
2,345,0.0,0.0,0.087,0.0,0.087,-6.629,0.0,36.425,0.042,0.0,-5.45,254.758,0.002,0.0,0.254,300.0,0.0,0.0,5.046
2,346,0.0,0.0,0.107,0.0,0.107,-5.766,0.0,36.383,0.051,0.0,-5.317,254.756,0.003,0.0,0.325,300.0,0.0,0.0,5.066
2,347,0.0,0.0,0.116,0.0,0.116,-5.614,0.0,36.332,0.055,0.0,-5.183,254.754,0.003,0.0,0.397,300.0,0.0,0.0,5.087
2,348,0.0,0.0,0.154,0.0,0.154,-4.713,0.0,36.277,0.073,0.0,-4.909,254.751,0.004,0.0,0.545,300.0,0.0,0.0,5.128
2,349,0.0,0.0,0.071,0.0,0.071,-6.011,0.0,36.205,0.033,0.0,-4.93,254.747,0.002,0.0,0.534,300.0,0.0,0.0,5.125
2,350,0.0,0.0,0.109,0.0,0.109,-5.312,0.0,36.171,0.051,0.0,-4.818,254.746,0.003,0.0,0.594,300.0,0.0,0.0,5.142
2,351,0.0,0.0,0.084,0.0,0.084,-4.966,0.0,36.12,0.039,0.0,-4.664,254.743,0.002,0.0,0.677,300.0,0.0,0.0,5.166
2,352,0.0,0.0,0.12,0.0,0.12,-4.263,0.0,36.081,0.056,0.0,-4.411,254.741,0.003,0.0,0.813,300.0,0.0,0.0,5.204
2,353,0.0,0.0,0.182,0.0,0.182,-2.604,0.0,36.025,0.084,0.0,-3.903,254.738,0.004,0.0,1.088,300.0,0.0,0.0,5.282
2,354,0.0,0.0,0.122,0.0,0.122,-2.753,0.0,35.941,0.056,0.0,-3.524,254.734,0.003,0.0,1.292,300.0,0.0,0.0,5.34
2,355,0.0,0.0,0.192,0.0,0.192,-1.574,0.0,35.885,0.088,0.0,-3.002,254.731,0.005,0.0,1.574,300.0,0.0,0.0,5.419
2,356,1.41,0.0,0.088,0.0,0.088,-0.034,0.0,35.798,0.04,0.0,-2.301,254.726,0.002,0.0,1.952,300.0,0.0,0.0,5.527
2,357,12.25,6.06,0.201,0.0,0.201,-2.787,0.458,37.169,0.102,0.0,-2.249,254.724,0.005,0.0,1.981,300.0,0.0,0.0,5.535
2,358,0.0,0.0,0.054,0.0,0.054,-5.772,0.0,43.256,0.046,0.0,-2.757,254.719,0.001,0.0,1.71,300.0,0.0,0.0,5.46
2,359,0.0,0.0,0.095,0.0,0.095,-5.916,0.0,43.211,0.08,0.0,-3.19,254.718,0.002,0.0,1.479,300.0,0.0,0.0,5.396
2,360,0.0,0.0,0.182,0.0,0.182,-2.674,0.0,43.131,0.152,0.0,-2.938,254.716,0.004,0.0,1.617,300.0,0.0,0.0,5.436
2,361,0.0,0.0,0.15,0.0,0.15,-1.65,0.0,42.979,0.124,0.0,-2.547,254.711,0.004,0.0,1.828,300.0,0.0,0.0,5.496
2,362,0.0,0.0,0.158,0.0,0.158,-2.422,0.0,42.855,0.129,0.0,-2.377,254.708,0.004,0.0,1.921,300.0,0.0,0.0,5.523
2,363,0.0,0.0,0.115,0.0,0.115,-4.08,0.0,42.726,0.093,0.0,-2.547,254.704,0.003,0.0,1.83,300.0,0.0,0.0,5.498
2,364,0.0,0.0,0.066,0.0,0.066,-3.952,0.0,42.633,0.053,0.0,-2.66,254.701,0.002,0.0,1.77,300.0,0.0,0.0,5.481
2,365,0.0,0.0,0.07,0.0,0.07,-4.313,0.0,42.58,0.056,0.0,-2.817,254.7,0.002,0.0,1.686,300.0,0.0,0.0,5.458
